{
  "accuracy": 0.576530612244898,
  "precision": 0.579919595321002,
  "recall": 0.576530612244898,
  "f1_score": 0.5738301706352587,
  "confusion_matrix": [
    [
      148,
      150
    ],
    [
      99,
      191
    ]
  ]
}