{
  "mAP50": 0.5145357617536078,
  "mAP50_95": 0.2396755177989527,
  "precision": 0.4638415534003773,
  "recall": 0.5747632575757575
}